Major,Course_id,Section,Building,Classroom,Section_days,Start_time,End_time,Students_number
AASP,AASP297,0101,TLF,1102,TuTh,2:00pm,3:15pm,0
AAST,AAST498Q,0101,CSI,1121,Tu,5:00pm,7:30pm,14
ANSC,ANSC103,0101,ANS,0108,M,10:00am,11:50am,19
ANSC,ANSC103,0102,ANS,1144,Tu,2:00pm,3:50pm,17
ANSC,ANSC245,0101,ANS,1144,M,1:00pm,2:50pm,10
ANSC,ANSC245,0102,ANS,1144,Th,1:00pm,2:50pm,10
ANSC,ANSC260,0102,ANS,0108,F,10:00am,12:00pm,10
ANSC,ANSC359,0101,CHE,2110,Tu,3:30pm,5:30pm,4
ANSC,ANSC436,0101,IRB,1116,TuTh,9:30am,10:45am,10
ANSC,ANSC440,0101,MMH,1400,TuTh,9:30am,10:45am,14
ANSC,ANSC688J,0101,MMH,1400,TuTh,9:30am,10:45am,6
ANTH,ANTH240,0201,ASY,2203,F,1:00pm,1:50pm,25
ANTH,ANTH240,0202,TWS,0310,F,2:00pm,2:50pm,25
ANTH,ANTH240,0203,TWS,0320,F,3:00pm,3:50pm,24
ANTH,ANTH451,0101,ASY,2203,TuTh,2:00pm,3:15pm,18
ANTH,ANTH498Y,0101,SKN,0104,F,9:00am,6:00pm,0
ANTH,ANTH606,0102,ESJ,1309,Tu,2:00pm,4:45pm,1
ANTH,ANTH651,0101,ASY,2203,TuTh,2:00pm,3:15pm,1
AOSC,AOSC432,0101,CSI,1121,Th,9:30am,10:45am,20
AOSC,AOSC432,AM01,CSI,1121,Th,9:30am,10:45am,0
AOSC,AOSC434,0101,CHE,2110,MWF,12:00pm,12:50pm,2
ARHU,ARHU318A,0101,BPS,1250,W,4:00pm,5:15pm,8
ARHU,ARHU320,0101,ASY,2203,F,2:00pm,4:30pm,28
ARMY,ARMY202,0102,ARM,0126,TuTh,2:00pm,3:15pm,35
ARMY,ARMY302,0101,ARM,0126,TuTh,11:00am,12:15pm,26
ARMY,ARMY302,0101,ARM,0126,Th,4:00pm,6:00pm,26
ARMY,ARMY302,0101,ARM,0126,MWF,6:30am,7:30am,26
ARMY,ARMY402,0101,ARM,0126,MW,12:30pm,1:45pm,15
ARMY,ARMY402,0101,ARM,0135,Th,4:00pm,6:00pm,15
ARMY,ARMY402,0101,ARM,0135,MWF,6:30am,7:30am,15
ARSC,ARSC101,0101,ESJ,2208,Tu,9:00am,9:50am,13
ARSC,ARSC101,0102,ARM,0126,Th,9:00am,9:50am,40
ARSC,ARSC101,0103,ARM,0135,Th,1:00pm,1:50pm,15
ARSC,ARSC201,0101,ARM,0126,Th,10:00am,10:50am,49
ARSC,ARSC201,0102,ESJ,0215,Th,2:00pm,2:50pm,10
ARSC,ARSC201,0103,ARM,0135,Tu,10:00am,10:50am,6
ARSC,ARSC301,0101,ESJ,1202,Th,9:00am,12:00pm,20
ARSC,ARSC301,0102,ARM,0126,TuTh,12:30pm,2:00pm,16
ARSC,ARSC401,0101,ESJ,2208,Th,9:00am,12:00pm,15
ARSC,ARSC401,0102,ESJ,2208,TuTh,2:00pm,3:30pm,18
ARSC,ARSC401,0103,ESJ,2208,MW,2:00pm,3:30pm,1
ASTR,ASTR670,0101,CSI,1122,TuTh,2:00pm,3:15pm,9
BCHM,BCHM464,0101,ESJ,0316,M,1:00pm,5:50pm,14
BCHM,BCHM464,0102,ESJ,0316,Tu,12:30pm,5:20pm,14
BCHM,BCHM464,0103,ESJ,0316,W,1:00pm,5:50pm,14
BIOE,BIOE121,0101,AJC,1121,Tu,9:30am,11:30am,10
BIOE,BIOE121,0102,AJC,1121,Tu,3:30pm,5:30pm,10
BIOE,BIOE121,0103,AJC,1121,Th,10:00am,12:00pm,9
BIOE,BIOE121,0104,AJC,1121,Th,2:00pm,4:00pm,10
BIOE,BIOE121,0201,AJC,1121,W,3:00pm,5:00pm,10
BIOE,BIOE121,0202,AJC,1121,W,12:00pm,2:00pm,10
BIOE,BIOE389F,0101,BRB,1101,Th,3:00pm,4:50pm,8
BIOE,BIOE413,0101,IRB,0324,TuTh,11:00am,12:15pm,32
BIOE,BIOE433,0101,MCB,1207,Tu,12:30pm,3:00pm,14
BIOE,BIOE457,0101,AJC,1120,W,11:00am,12:50pm,23
BIOE,BIOE457,0102,AJC,1120,W,3:00pm,4:50pm,29
BIOE,BIOE606,0101,CSI,1122,F,10:00am,10:50am,20
BIOE,BIOE613,0101,IRB,0324,TuTh,11:00am,12:15pm,8
BIOL,BIOL709R,0101,CHM,1402,TuTh,3:30pm,4:45pm,0
BMGT,BMGT449F,FP01,VMH,3330H,TuTh,2:00pm,3:50pm,10
BMGT,BMGT473,FP01,VMH,1330,TuTh,11:00am,12:15pm,17
BMGT,BMGT858R,0101,VMH,1415,F,10:00am,12:30pm,2
BSCI,BSCI338F,0101,BRB,1101,Th,3:00pm,4:50pm,8
BSCI,BSCI353,ESG1,BLD4,5321,MW,12:00pm,1:15pm,32
BSCI,BSCI406,0101,CHM,1402,TuTh,3:30pm,4:45pm,7
BSCI,BSCI423,0101,MCB,1143,MW,2:00pm,3:50pm,15
BSCI,BSCI423,0103,MCB,1135,MW,1:00pm,2:50pm,10
BSCI,BSCI425,0101,PLS,1171,W,1:00pm,4:50pm,14
BSCI,BSCI442,0101,BRB,1101,MWF,1:00pm,1:50pm,21
BSCI,BSCI442,0102,BRB,1101,MWF,1:00pm,1:50pm,24
BSCI,BSCI454,ESG1,BLD4,5322,Tu,2:00pm,4:50pm,16
BSCI,BSCI454,ESG2,BLD4,5322,Th,2:00pm,4:50pm,16
BSCV,BSCV302,0101,ESJ,1224,W,6:00pm,6:50pm,15
BSCV,BSCV302,0201,TWS,0310,Tu,6:00pm,6:50pm,14
BUSM,BUSM624,0101,VMH,1511,TuTh,2:00pm,3:50pm,0
BUSM,BUSM624,0201,VMH,1511,TuTh,4:00pm,5:50pm,0
BUSM,BUSM713,0101,VMH,1524,MW,12:00pm,1:50pm,38
BUSM,BUSM738A,0101,VMH,3330H,TuTh,10:00am,11:50am,12
BUSM,BUSM758I,0101,VMH,1333,TuTh,12:00pm,1:50pm,28
CBMG,CBMG688U,0101,BRB,3101,M,4:00pm,6:00pm,8
CCJS,CCJS320,0101,MMH,2401,M,10:00am,12:00pm,23
CCJS,CCJS320,0201,MMH,2401,M,1:00pm,3:00pm,24
CCJS,CCJS320,0301,MMH,2401,M,4:00pm,6:00pm,22
CCJS,CCJS489H,0101,TWS,0234,M,4:00pm,6:30pm,8
CHBE,CHBE422,0101,EGR,1202,TuTh,2:00pm,3:15pm,23
CHBE,CHBE422,0101,PHY,1410,M,10:00am,10:50am,23
CHBE,CHBE440,0101,IRB,1116,TuTh,3:30pm,4:45pm,13
CHBE,CHBE440,0101,IRB,1116,M,11:00am,11:50am,13
CHBE,CHBE457,0101,IRB,1116,MW,4:00pm,5:15pm,23
CHEM,CHEM232,5121,CHM,1342,M,12:00pm,2:50pm,8
CHEM,CHEM232,5122,CHM,1346,M,12:00pm,2:50pm,8
CHEM,CHEM232,5124,CHM,1356,M,12:00pm,2:50pm,9
CHEM,CHEM232,5131,CHM,1356,M,3:00pm,5:50pm,8
CHEM,CHEM232,5132,CHM,1346,M,3:00pm,5:50pm,9
CHEM,CHEM232,5141,CHM,1342,M,6:00pm,8:50pm,9
CHEM,CHEM232,5142,CHM,1346,M,6:00pm,8:50pm,9
CHEM,CHEM232,5144,CHM,1356,M,6:00pm,8:50pm,7
CHEM,CHEM232,5151,CHM,1326,M,12:00pm,2:50pm,6
CHEM,CHEM232,5152,CHM,1330,M,12:00pm,2:50pm,9
CHEM,CHEM232,5161,CHM,1326,M,3:00pm,5:50pm,9
CHEM,CHEM232,5171,CHM,1326,M,6:00pm,8:50pm,7
CHEM,CHEM232,5172,CHM,1330,M,6:00pm,8:50pm,9
CHEM,CHEM232,5221,CHM,1342,Tu,12:30pm,3:20pm,7
CHEM,CHEM232,5222,CHM,1346,Tu,12:30pm,3:20pm,5
CHEM,CHEM232,5224,CHM,1356,Tu,12:30pm,3:20pm,8
CHEM,CHEM232,5232,CHM,1346,Tu,3:30pm,6:20pm,9
CHEM,CHEM232,5234,CHM,1356,Tu,3:30pm,6:20pm,9
CHEM,CHEM232,5241,CHM,1342,Tu,6:30pm,9:20pm,7
CHEM,CHEM232,5244,CHM,1356,Tu,6:30pm,9:20pm,7
CHEM,CHEM232,5251,CHM,1326,Tu,12:30pm,3:20pm,7
CHEM,CHEM232,5252,CHM,1330,Tu,12:30pm,3:20pm,6
CHEM,CHEM232,5271,CHM,1326,Tu,6:30pm,9:20pm,6
CHEM,CHEM232,5321,CHM,1342,W,12:00pm,2:50pm,8
CHEM,CHEM232,5322,CHM,1346,W,12:00pm,2:50pm,5
CHEM,CHEM232,5331,CHM,1342,W,3:00pm,5:50pm,9
CHEM,CHEM232,5332,CHM,1346,W,3:00pm,5:50pm,9
CHEM,CHEM232,5342,CHM,1346,W,6:00pm,8:50pm,6
CHEM,CHEM232,5351,CHM,1326,W,12:00pm,2:50pm,9
CHEM,CHEM232,5352,CHM,1330,W,12:00pm,2:50pm,8
CHEM,CHEM232,5361,CHM,1326,W,3:00pm,5:50pm,7
CHEM,CHEM232,5362,CHM,1330,W,3:00pm,5:50pm,8
CHEM,CHEM232,5371,CHM,1326,W,6:00pm,8:50pm,4
CHEM,CHEM232,5421,CHM,1342,Th,12:30pm,3:20pm,8
CHEM,CHEM232,5422,CHM,1346,Th,12:30pm,3:20pm,8
CHEM,CHEM232,5431,CHM,1342,Th,3:30pm,6:20pm,8
CHEM,CHEM232,5432,CHM,1346,Th,3:30pm,6:20pm,7
CHEM,CHEM232,5441,CHM,1342,Th,6:30pm,9:20pm,4
CHEM,CHEM232,5444,CHM,1356,Th,6:30pm,9:20pm,6
CHEM,CHEM232,5451,CHM,1326,Th,12:30pm,3:20pm,5
CHEM,CHEM232,5452,CHM,1330,Th,12:30pm,3:20pm,4
CHEM,CHEM232,5461,CHM,1326,Th,3:30pm,6:20pm,8
CHEM,CHEM232,5462,CHM,1330,Th,3:30pm,6:20pm,6
CHEM,CHEM232,5471,CHM,1326,Th,6:30pm,9:20pm,4
CHEM,CHEM232,5521,CHM,1342,F,12:00pm,2:50pm,8
CHEM,CHEM232,5522,CHM,1346,F,12:00pm,2:50pm,7
CHEM,CHEM232,5524,CHM,1356,F,12:00pm,2:50pm,6
CHEM,CHEM232,5531,CHM,1342,F,3:00pm,5:50pm,6
CHEM,CHEM232,5532,CHM,1346,F,3:00pm,5:50pm,6
CHEM,CHEM232,5534,CHM,1356,F,3:00pm,5:50pm,7
CHEM,CHEM232,5551,CHM,1326,F,12:00pm,2:50pm,4
CHEM,CHEM232,5552,CHM,1330,F,12:00pm,2:50pm,5
CHEM,CHEM232,5561,CHM,1326,F,3:00pm,5:50pm,6
CHEM,CHEM232,5562,CHM,1330,F,3:00pm,5:50pm,7
CHEM,CHEM232S,5133,CHM,1342,M,3:00pm,5:50pm,0
CHEM,CHEM232S,5162,CHM,1330,M,3:00pm,5:50pm,0
CHEM,CHEM232S,5231,CHM,1342,Tu,3:30pm,6:20pm,0
CHEM,CHEM232S,5262,CHM,1330,Tu,3:30pm,6:20pm,0
CHEM,CHEM237,5325,CHM,1356,W,12:00pm,2:50pm,9
CHEM,CHEM237,5325,CHM,1402,Tu,12:30pm,1:20pm,9
CHEM,CHEM237,5335,CHM,1356,W,3:00pm,5:50pm,9
CHEM,CHEM237,5335,CHM,1402,Tu,12:30pm,1:20pm,9
CHEM,CHEM237,5345,CHM,1356,Th,12:30pm,3:20pm,9
CHEM,CHEM237,5345,CHM,1402,Tu,2:00pm,2:50pm,9
CHEM,CHEM237,5355,CHM,1356,Th,3:30pm,6:20pm,9
CHEM,CHEM237,5355,CHM,1402,Tu,2:00pm,2:50pm,9
CHEM,CHEM237,5365,CHM,1356,W,6:00pm,8:50pm,5
CHEM,CHEM237,5365,CHM,1402,Tu,12:30pm,1:20pm,5
CHEM,CHEM277,8111,ESJ,0312,MW,12:00pm,2:50pm,11
CHEM,CHEM277,8121,ESJ,0312,TuTh,12:30pm,3:20pm,12
CHEM,CHEM277,8122,ESJ,0312,TuTh,3:30pm,6:20pm,12
CHEM,CHEM277,8131,ESJ,0312,WF,3:00pm,5:50pm,11
CHEM,CHEM425,0101,CHM,3228,MW,1:00pm,3:50pm,10
CHEM,CHEM425,0102,CHM,3228,TuTh,12:30pm,3:20pm,9
CHEM,CHEM425,0104,CHM,3228,TuTh,9:30am,12:20pm,9
CHEM,CHEM425,0105,CHM,3228,MW,6:00pm,8:50pm,5
CHEM,CHEM425,0109,CHM,3228,TuTh,6:00pm,8:50pm,2
CHEM,CHEM447,0101,CHM,1402,F,9:00am,9:50am,13
CHEM,CHEM483,0101,CHM,3225,Tu,9:30am,12:20pm,1
CHEM,CHEM483,0102,CHM,3225,Tu,12:30pm,3:20pm,8
CHEM,CHEM483,0103,CHM,3225,W,12:00pm,2:50pm,10
CHEM,CHEM483,0104,CHM,3225,W,3:00pm,5:50pm,10
CHEM,CHEM483,0105,CHM,3225,Th,9:30am,12:20pm,8
CHEM,CHEM483,0106,CHM,3225,Th,12:30pm,3:20pm,9
CHEM,CHEM484,0101,CHM,1407,Tu,9:30am,10:20am,12
CHEM,CHEM484,0101,CHM,3221,Tu,3:00pm,5:50pm,12
CHEM,CHEM484,0103,CHM,1407,Tu,9:30am,10:20am,12
CHEM,CHEM484,0103,CHM,3221,W,3:00pm,5:50pm,12
CHEM,CHEM484,0104,CHM,1407,Tu,9:30am,10:20am,8
CHEM,CHEM484,0104,CHM,3221,Th,2:00pm,4:50pm,8
CHEM,CHEM602,0101,CHM,1402,TuTh,9:30am,10:45am,10
CHEM,CHEM623,0101,CHM,1402,MWF,2:00pm,2:50pm,13
CHEM,CHEM647,0101,CHM,1402,F,9:00am,9:50am,11
CHEM,CHEM687,0101,CHM,1402,TuTh,11:00am,12:15pm,17
CHEM,CHEM705,0101,CHM,1402,MW,4:00pm,5:15pm,1
COMM,COMM107,2301,TWS,0320,MWF,10:00am,10:50am,18
COMM,COMM107,3301,TWS,0310,MWF,11:00am,11:50am,18
COMM,COMM107,8601,ESJ,1309,TuTh,9:30am,10:45am,19
COMM,COMM107,9301,ESJ,1309,TuTh,11:00am,12:15pm,19
COMM,COMM107,9601,SQH,1120,TuTh,12:30pm,1:45pm,19
COMM,COMM107,9902,ESJ,1309,TuTh,12:30pm,1:45pm,18
COMM,COMM107,9905,SQH,1120,TuTh,2:00pm,3:15pm,19
COMM,COMM107,9913,ESJ,0215,TuTh,3:30pm,4:45pm,18
COMM,COMM107,9917,SQH,1120,TuTh,5:00pm,6:15pm,19
COMM,COMM107,7601,ESJ,1309,TuTh,8:00am,9:15am,17
COMM,COMM107,8901,SQH,1120,TuTh,11:00am,12:15pm,19
COMM,COMM107,9915,ESJ,1215,TuTh,3:30pm,4:45pm,19
COMM,COMM107,9921,SYM,0200,TuTh,5:00pm,6:15pm,19
COMM,COMM107C,0201,PLS,1140,TuTh,9:30am,10:45am,17
COMM,COMM200,0101,TWS,0320,Tu,12:30pm,1:45pm,16
COMM,COMM200,0201,TWS,0320,Tu,2:00pm,3:15pm,14
COMM,COMM351,0101,ASY,2203,M,5:00pm,6:15pm,18
COMM,COMM351,0101,ASY,2203,W,5:00pm,6:15pm,18
COMM,COMM351,0201,ASY,2203,M,3:30pm,4:45pm,18
COMM,COMM351,0201,ASY,2203,W,3:30pm,4:45pm,18
COMM,COMM360,0101,LEF,2205,TuTh,9:30am,10:45am,24
COMM,COMM659G,XGS1,PLS,1140,Tu,7:00pm,8:50pm,1
COMM,COMM719C,XGE1,SKN,3118,M,3:00pm,4:15pm,0
COMM,COMM719C,XGF1,SKN,3118,M,4:30pm,5:30pm,0
COMM,COMM749C,XGE1,SKN,3118,W,3:00pm,4:15pm,0
COMM,COMM749C,XGF1,SKN,3118,W,4:30pm,5:30pm,0
CPBE,CPBE230,0101,ESJ,2212,Tu,6:00pm,8:00pm,30
CPBE,CPBE240,0101,ESJ,2212,Tu,6:00pm,8:00pm,17
CPBE,CPBE250,0101,ESJ,2212,Tu,6:00pm,8:00pm,6
CPGH,CPGH230,0101,ESJ,1202,M,3:00pm,3:50pm,30
CPGH,CPGH240,0101,ESJ,1202,M,3:00pm,3:50pm,27
CPGH,CPGH250,0101,ESJ,1202,M,3:00pm,3:50pm,8
CPSS,CPSS225,0101,EGR,0108,TuTh,9:30am,10:45am,17
CPSS,CPSS225,0201,EGR,0108,TuTh,12:30pm,1:45pm,15
DANC,DANC148,5503,PAC,1912,Th,2:00pm,3:15pm,6
DANC,DANC148,5502,PAC,1912,TuTh,9:30am,10:45am,10
DANC,DANC158,5501,PAC,1912,MW,11:00am,12:15pm,8
DANC,DANC200,0101,PAC,1610,Tu,12:30pm,1:45pm,25
DANC,DANC207,5501,PAC,1908,MW,11:00am,12:50pm,12
DANC,DANC218,5501,PAC,1912,MWF,1:00pm,2:30pm,7
DANC,DANC219,5501,PAC,1912,MWF,1:00pm,2:30pm,8
DANC,DANC318,5501,PAC,1908,W,9:00am,10:30am,4
DANC,DANC319,5501,PAC,1908,W,9:00am,10:30am,7
DANC,DANC328,5501,PAC,1908,Th,11:00am,12:15pm,4
DANC,DANC329,5501,PAC,1908,Th,11:00am,12:15pm,1
DANC,DANC468,5501,PAC,1908,Th,3:30pm,5:20pm,9
DANC,DANC611,5501,PAC,1610,W,1:00pm,2:15pm,4
DANC,DANC689T,5502,PAC,1908,Th,11:00am,12:15pm,2
DANC,DANC689X,5501,PAC,1908,Th,3:30pm,5:20pm,5
DANC,DANC708,5501,PAC,1610,W,11:00am,12:50pm,4
ECON,ECON321,0101,ESJ,0202,TuTh,11:00am,12:15pm,29
ECON,ECON416,0101,LEF,2205,MW,2:00pm,3:15pm,15
ECON,ECON422,0101,ESJ,0202,TuTh,9:30am,10:45am,19
ECON,ECON422,0201,ESJ,0202,TuTh,12:30pm,1:45pm,37
ECON,ECON423,0201,ESJ,1202,MW,5:00pm,6:15pm,47
ECON,ECON615,0101,ASY,1213,MW,11:00am,12:15pm,6
ECON,ECON644,PCE1,ASY,2203,M,6:30pm,9:15pm,1
ECON,ECON772,0101,SQH,1120,MW,9:00am,10:15am,8
ECON,ECON781,0101,SQH,1120,MW,2:00pm,3:15pm,4
EDCP,EDCP682,0101,TWS,1320,Th,1:00pm,4:00pm,4
EDCP,EDCP693,0101,ASY,2309,W,9:00am,12:00pm,4
EDCP,EDCP789B,0101,TWS,1320,M,9:45am,12:30pm,5
EDHD,EDHD201,0101,ESJ,1202,MW,11:00am,12:15pm,64
EDHD,EDHD751,0101,ASY,2309,Th,1:00pm,3:45pm,10
EDHD,EDHD760,0101,ASY,2309,W,4:15pm,7:00pm,6
EDHI,EDHI853,0101,ASY,2309,Th,4:15pm,7:00pm,12
EDSP,EDSP416,0101,SHM,2102,M,1:15pm,4:00pm,11
EDSP,EDSP426,0101,TWS,0320,W,1:00pm,4:00pm,9
EDSP,EDSP616,0101,SHM,2102,M,1:15pm,4:00pm,11
ENAE,ENAE633,0101,JMP,2222,TuTh,9:30am,10:45am,7
ENAE,ENAE656,0101,CSI,1122,F,2:00pm,5:00pm,4
ENAE,ENAE685,0101,JMP,2222,TuTh,11:00am,12:15pm,14
ENCE,ENCE205,0101,EGR,0136,M,9:00am,12:00pm,4
ENCE,ENCE205,0201,EGR,0136,M,3:00pm,6:00pm,12
ENCE,ENCE300,0101,EGL,0120,Th,10:30am,12:30pm,18
ENCE,ENCE300,0102,EGL,0120,Th,12:30pm,2:30pm,17
ENCE,ENCE300,0201,EGL,0120,Th,2:30pm,4:30pm,18
ENCE,ENCE300,0202,EGL,0120,Th,4:30pm,6:30pm,7
ENCE,ENCE305,0301,IRB,0324,MWF,10:00am,10:50am,40
ENCE,ENCE411,0101,EGR,0136,W,10:00am,1:00pm,9
ENCE,ENCE411,0102,EGR,0136,W,2:00pm,5:00pm,1
ENCE,ENCE412,0101,ESJ,0224,TuTh,2:00pm,3:15pm,31
ENCE,ENCE431,0101,IRB,0324,MWF,9:00am,9:50am,34
ENCE,ENCE444,0101,ESJ,2212,W,1:00pm,4:00pm,20
ENCE,ENCE444,0201,EGR,0108,W,1:00pm,4:00pm,20
ENCE,ENCE466,0101,EGR,1156,Th,3:30pm,4:45pm,40
ENCE,ENCE466,0102,EGR,1156,Th,2:00pm,3:15pm,40
ENCE,ENCE641,0101,CSI,1115,Th,5:00pm,7:30pm,8
ENCE,ENCE655,0101,EGR,0108,TuTh,8:00am,9:15am,5
ENCE,ENCE751,0101,ANS,0408,TuTh,9:30am,10:45am,5
ENEE,ENEE205,0103,AVW,1356,Th,12:00pm,1:50pm,7
ENEE,ENEE205,0103,AVW,1356,Th,11:00am,11:50am,7
ENEE,ENEE205,0104,AVW,1356,Th,3:00pm,4:50pm,8
ENEE,ENEE205,0104,AVW,1356,Th,2:00pm,2:50pm,8
ENEE,ENEE205,0201,AVW,1356,M,12:00pm,1:50pm,8
ENEE,ENEE205,0201,AVW,1356,M,11:00am,11:50am,8
ENEE,ENEE205,0202,AVW,1356,M,3:00pm,4:50pm,7
ENEE,ENEE205,0202,AVW,1356,M,2:00pm,2:50pm,7
ENEE,ENEE205,0203,AVW,1356,W,3:00pm,4:50pm,7
ENEE,ENEE205,0203,AVW,1356,W,2:00pm,2:50pm,7
ENEE,ENEE205,0204,AVW,1356,F,12:00pm,1:50pm,7
ENEE,ENEE205,0204,AVW,1356,F,11:00am,11:50am,7
ENEE,ENEE205,0205,AVW,1356,W,12:00pm,1:50pm,7
ENEE,ENEE205,0205,AVW,1356,W,11:00am,11:50am,7
ENEE,ENEE222,0201,CSI,1121,F,9:00am,9:50am,20
ENEE,ENEE222,0202,CSI,1121,F,10:00am,10:50am,17
ENEE,ENEE222,0203,CSI,1121,F,8:00am,8:50am,21
ENEE,ENEE245,0101,AVW,1458,Tu,8:00am,10:50am,8
ENEE,ENEE245,0102,AVW,1458,Tu,11:00am,1:50pm,11
ENEE,ENEE245,0103,AVW,1458,M,2:00pm,4:50pm,11
ENEE,ENEE245,0104,AVW,1458,W,11:00am,1:50pm,10
ENEE,ENEE245,0105,AVW,1458,Th,11:00am,1:50pm,10
ENEE,ENEE245,0106,AVW,1458,M,8:00am,10:50am,9
ENEE,ENEE245,0107,AVW,1458,W,2:00pm,4:50pm,11
ENEE,ENEE245,0108,AVW,1458,Tu,2:00pm,4:50pm,11
ENEE,ENEE245,0109,AVW,1458,Th,8:00am,10:50am,9
ENEE,ENEE245,0110,AVW,1458,Th,2:00pm,4:50pm,9
ENEE,ENEE322,0101,CSI,1121,Tu,10:00am,10:50am,19
ENEE,ENEE322,0102,CSI,1121,Tu,11:00am,11:50am,20
ENEE,ENEE381,0202,CSI,1122,M,1:00pm,1:50pm,15
ENEE,ENEE439D,0101,KEB,2111,F,10:00am,12:30pm,5
ENEE,ENEE469O,0101,EGR,1202,MW,12:30pm,1:45pm,7
ENEE,ENEE698P,0101,CSI,1115,Tu,5:00pm,6:15pm,40
ENES,ENES108,0101,ANS,0408,M,6:00pm,6:50pm,4
ENES,ENES108,0102,CHM,1402,M,5:30pm,6:30pm,14
ENES,ENES305,0101,PHY,1412,W,5:00pm,6:00pm,10
ENES,ENES603,0101,JMP,2116,Th,3:30pm,4:30pm,21
ENFP,ENFP101,0101,CSI,1122,M,12:00pm,12:50pm,3
ENFP,ENFP201,0101,EGR,1202,TuTh,3:30pm,4:45pm,22
ENFP,ENFP411,0101,ESJ,0215,Tu,5:00pm,6:15pm,20
ENFP,ENFP420,0101,JMP,3229,W,12:00pm,1:15pm,15
ENFP,ENFP420,0102,JMP,3229,W,1:00pm,2:15pm,14
ENMA,ENMA312,0101,KEB,1135,Tu,5:00pm,6:15pm,9
ENMA,ENMA312,0101,KEB,1135,W,9:00am,11:50am,9
ENMA,ENMA312,0102,KEB,1135,Tu,5:00pm,6:15pm,0
ENMA,ENMA312,0102,KEB,1135,M,9:00am,11:50am,0
ENMA,ENMA425,0101,IRB,1116,MW,4:00pm,5:15pm,5
ENMA,ENMA671,0101,CSI,1115,TuTh,3:30pm,4:45pm,14
ENME,ENME208,0101,CHE,2110,Tu,6:30pm,7:30pm,4
ENME,ENME208,0101,CHE,2110,Th,6:30pm,8:30pm,4
ENME,ENME489N,0101,ESJ,0215,TuTh,9:30am,10:45am,10
ENME,ENME489Q,0101,PHY,1410,W,5:00pm,7:40pm,17
ENME,ENME607,0101,JMP,2222,TuTh,2:00pm,3:15pm,7
ENME,ENME808A,0101,ESJ,0215,TuTh,9:30am,10:45am,15
ENPM,ENPM602,0101,JMP,3201,M,7:00pm,9:40pm,12
ENPM,ENPM632,0101,JMP,3201,W,7:00pm,9:40pm,8
ENPM,ENPM635,0101,JMP,2116,W,4:00pm,6:40pm,4
ENRE,ENRE620,0101,JMP,2217,TuTh,12:30pm,1:45pm,7
ENRE,ENRE640,0101,JMP,2222,F,9:00am,11:40am,7
ENRE,ENRE655,0101,JMP,2216,W,1:00pm,3:40pm,4
ENRE,ENRE671,0101,JMP,2222,TuTh,2:00pm,3:15pm,7
ENSE,ENSE622,0101,JMP,2222,M,7:00pm,9:40pm,4
ENST,ENST421,0101,HJP,0108,Tu,2:00pm,4:50pm,8
ENST,ENST430,0101,HJP,0210,M,3:00pm,6:00pm,10
ENST,ENST630,0101,HJP,0210,M,3:00pm,6:00pm,4
ENST,ENST798,0101,PHY,1412,W,12:00pm,12:50pm,10
ENTS,ENTS656,0102,AVW,1442,W,2:00pm,4:45pm,0
ENTS,ENTS656,0103,AVW,1442,W,9:00am,11:45am,6
ENTS,ENTS669F,0101,EGR,1202,MW,12:30pm,1:45pm,7
ENTS,ENTS759B,0101,AVW,1362,M,12:30pm,2:30pm,3
FILM,FILM329I,0101,ASY,2203,TuTh,9:30am,10:45am,30
FILM,FILM359A,0101,SHM,2102,TuTh,12:30pm,1:45pm,20
FREN,FREN611,0101,JMZ,1205,W,5:00pm,6:30pm,5
GEMS,GEMS497,0105,ESJ,1215,M,6:00pm,6:50pm,10
GEOL,GEOL322,0101,GEO,2107,M,1:00pm,3:50pm,14
GEOL,GEOL340,0101,BPS,1250,TuTh,9:30am,10:45am,8
GEOL,GEOL340,0101,GEO,2107,W,10:00am,1:00pm,8
GEOL,GEOL393,0101,BPS,1238,Tu,4:30pm,6:30pm,5
GEOL,GEOL435,0101,ESJ,2204,Tu,12:30pm,3:15pm,10
GEOL,GEOL443,0101,PLS,1140,TuTh,8:00am,9:15am,13
GEOL,GEOL497,0101,BPS,1238,W,8:00am,8:50am,0
GEOL,GEOL497,0101,ESJ,1224,M,2:00pm,4:00pm,0
GEOL,GEOL497H,0101,BPS,1238,W,8:00am,8:50am,2
GEOL,GEOL497H,0101,ESJ,1224,M,2:00pm,4:00pm,2
GEOL,GEOL615,0101,BPS,1238,TuTh,9:30am,10:45am,4
GEOL,GEOL635,0101,ESJ,2204,Tu,12:30pm,3:15pm,8
GEOL,GEOL654,0101,BPS,1238,Th,4:00pm,6:30pm,3
GEOL,GEOL789K,0101,BPS,1238,W,1:00pm,3:30pm,4
GVPT,GVPT368D,0101,ASY,2203,TuTh,11:00am,12:15pm,19
GVPT,GVPT368E,0101,ESJ,2212,TuTh,2:00pm,3:15pm,12
GVPT,GVPT368N,0101,ARM,0126,Tu,4:00pm,6:30pm,18
GVPT,GVPT423,0101,SHM,2102,Th,2:00pm,4:45pm,24
GVPT,GVPT423,0201,TWS,1310,TuTh,9:30am,10:45am,10
HESI,HESI318T,0101,ERC,B0170E,W,6:00pm,9:00pm,8
HESI,HESI418F,0101,ESJ,0215,M,2:00pm,4:45pm,35
HESI,HESI418G,0101,SYM,0200,Tu,2:00pm,4:45pm,19
HESP,HESP418A,0101,SQH,1119,M,9:00am,10:50am,3
HESP,HESP648B,2101,ASY,1213,Th,12:00pm,12:50pm,0
HESP,HESP648B,2301,ASY,1213,Th,12:00pm,12:50pm,3
HESP,HESP648B,2701,SKN,0104,Th,12:00pm,12:50pm,4
HESP,HESP648B,2701,SKN,0104,M,9:30am,11:50am,4
HESP,HESP648B,2801,ASY,1213,Th,12:00pm,12:50pm,3
HESP,HESP648B,3601,TWS,0234,Th,12:00pm,12:50pm,3
HESP,HESP648B,3601,TWS,0234,F,11:00am,11:50am,3
HESP,HESP648B,3701,TWS,1320,Th,12:00pm,12:50pm,3
HESP,HESP648B,3701,TWS,1310,W,10:00am,10:50am,3
HESP,HESP649A,1101,SYM,0200,W,1:00pm,2:50pm,4
HESP,HESP649A,1501,SYM,0200,W,1:00pm,2:50pm,5
HESP,HESP649A,2401,SYM,0200,W,1:00pm,2:50pm,3
HESP,HESP649A,3501,SYM,0200,W,1:00pm,2:50pm,3
HESP,HESP701,0101,SQH,1119,Tu,3:30pm,6:00pm,9
HESP,HESP706,0101,ESJ,1215,W,3:30pm,6:00pm,10
HESP,HESP730,0101,LEF,2205,Th,5:00pm,7:30pm,17
HISP,HISP690,0101,TWS,0320,M,4:00pm,6:00pm,3
HIST,HIST332,0101,LEF,2205,TuTh,12:30pm,1:45pm,25
HIST,HIST357,0101,ESJ,0202,MW,2:00pm,3:15pm,40
HIST,HIST407,0101,ESJ,0224,TuTh,9:30am,10:45am,11
HIST,HIST417,0101,TWS,1310,TuTh,2:00pm,3:15pm,3
HIST,HIST419P,0101,ARC,0204,TuTh,9:30am,10:45am,7
HIST,HIST429R,0101,TWS,0310,Tu,2:00pm,4:30pm,1
HIST,HIST455,0101,LEF,2205,TuTh,3:30pm,4:45pm,27
HLSA,HLSA709,0101,SPH,0116A,Th,12:00pm,1:00pm,5
HLTH,HLTH391H,0101,IRB,1116,MW,11:00am,12:15pm,3
HNUH,HNUH218Y,0101,ESJ,1215,TuTh,12:30pm,1:45pm,21
HNUH,HNUH219P,0101,TWS,0234,Tu,4:00pm,6:30pm,9
HNUH,HNUH229P,0101,ESJ,1224,W,3:00pm,5:30pm,7
HONR,HONR208D,0101,PLS,1161,MW,11:00am,12:15pm,16
HONR,HONR238R,0101,SYM,0200,M,4:00pm,6:30pm,17
HONR,HONR239V,0101,KNI,1208,F,9:00am,11:30am,14
HONR,HONR248G,0101,ASY,2309,TuTh,9:30am,10:45am,19
HONR,HONR268G,0101,ESJ,1215,M,2:00pm,4:30pm,24
HONR,HONR268Z,0101,SYM,0200,TuTh,12:30pm,1:45pm,20
HONR,HONR269L,0101,PHY,3301,TuTh,11:00am,12:15pm,10
HONR,HONR348J,0101,ESJ,2204,W,4:00pm,6:30pm,17
INAG,INAG105,0101,ATL,2324,MW,10:00am,10:50am,11
INAG,INAG105,0101,HJP,1210,F,1:00pm,2:50pm,11
INAG,INAG105,0102,ATL,2324,MW,10:00am,10:50am,12
INAG,INAG105,0102,HJP,1210,F,10:00am,11:50am,12
INAG,INAG106,0101,ATL,2324,W,3:00pm,4:50pm,25
INAG,INAG110,0201,PLS,1140,W,8:00am,8:50am,18
INAG,INAG110,0501,PLS,1140,W,9:00am,9:50am,19
INAG,INAG110,0701,PLS,1140,W,10:00am,10:50am,19
INAG,INAG110,2401,CHM,1402,Tu,8:00am,9:15am,19
INAG,INAG110,2601,ATL,2324,Tu,9:30am,10:45am,19
INAG,INAG206,0101,ATL,2324,W,5:30pm,8:30pm,20
INAG,INAG214,0101,PBR,1102,Th,2:00pm,2:50pm,7
INAG,INAG214,0101,PBR,1102,Th,3:00pm,5:00pm,7
INAG,INAG235,0101,PBR,1102,TuTh,11:00am,1:00pm,3
INAG,INAG272,0101,ATL,2324,Tu,2:00pm,4:00pm,11
INST,INST639G,IM01,ESJ,1224,Tu,12:00pm,12:50pm,9
ISRL,ISRL329C,0101,ASY,2203,TuTh,11:00am,12:15pm,19
ISRL,ISRL329P,0101,ESJ,2212,TuTh,2:00pm,3:15pm,12
JOUR,JOUR200,0101,KNI,3210,MW,3:30pm,4:45pm,16
JOUR,JOUR202,0201,KNI,1208,MW,2:00pm,3:50pm,16
JOUR,JOUR262,0101,KNI,3202,TuTh,7:00pm,8:50pm,5
JOUR,JOUR262,0201,KNI,1200,MW,7:00pm,8:50pm,11
JOUR,JOUR262,0301,KNI,1200,MW,10:00am,11:50am,12
JOUR,JOUR262,0401,KNI,3202,MW,7:00pm,8:50pm,11
JOUR,JOUR262,0801,KNI,1200,MW,12:00pm,1:50pm,12
JOUR,JOUR320,0301,KNI,1208,Th,6:00pm,7:50pm,11
JOUR,JOUR328D,0101,KNI,1208,TuTh,4:00pm,5:15pm,10
JOUR,JOUR362,0101,TWS,0120,Tu,7:15pm,9:15pm,2
JOUR,JOUR362,0101,TWS,0120,Tu,2:00pm,7:00pm,2
JOUR,JOUR362,0103,TWS,0120,Tu,7:15pm,9:15pm,2
JOUR,JOUR362,0103,TWS,0120,Th,2:00pm,7:00pm,2
JOUR,JOUR364,0101,KNI,3210,W,5:30pm,8:15pm,9
JOUR,JOUR368N,0101,KNI,1208,W,4:00pm,6:45pm,13
JOUR,JOUR368V,0101,KNI,1200,M,3:00pm,6:00pm,6
JOUR,JOUR370,0301,KNI,1208,F,12:00pm,2:45pm,13
JOUR,JOUR370,0401,KNI,1208,Th,10:00am,12:45pm,14
JOUR,JOUR370,0701,KNI,1200,Tu,5:30pm,8:15pm,12
JOUR,JOUR451,0201,KNI,3202,M,2:00pm,4:45pm,14
JOUR,JOUR620,0201,KNI,3202,Th,9:30am,11:20am,10
JOUR,JOUR628D,0101,KNI,1208,TuTh,4:00pm,5:15pm,3
JOUR,JOUR662,0101,TWS,0120,Tu,7:15pm,9:15pm,0
JOUR,JOUR662,0101,TWS,0120,Tu,2:00pm,7:00pm,0
JOUR,JOUR662,0103,TWS,0120,Tu,7:15pm,9:15pm,0
JOUR,JOUR662,0103,TWS,0120,Th,2:00pm,7:00pm,0
JOUR,JOUR664,0101,KNI,3210,W,5:30pm,8:15pm,3
JOUR,JOUR668N,0101,KNI,1208,W,4:00pm,6:45pm,1
JOUR,JOUR668V,0101,KNI,1200,M,3:00pm,6:00pm,0
JOUR,JOUR670,0301,KNI,1208,F,12:00pm,2:45pm,0
JOUR,JOUR776,0101,KNI,1210,W,9:00am,11:45am,7
JOUR,JOUR779K,0101,KNI,1210,M,11:00am,1:45pm,6
JWST,JWST319G,0101,ASY,2203,TuTh,9:30am,10:45am,30
JWST,JWST429M,0101,ARM,0126,Tu,4:00pm,6:30pm,18
KNES,KNES154O,0101,ERC,B0120,MW,1:00pm,2:15pm,20
KNES,KNES154T,0101,ERC,B0120,TuTh,9:30am,10:45am,18
KNES,KNES246,0101,SPH,2101,F,9:00am,9:50am,9
KNES,KNES246,0102,SPH,2101,F,10:00am,10:50am,9
KNES,KNES246,0103,SPH,2101,F,11:00am,11:50am,10
KNES,KNES305,0101,ATL,2324,TuTh,8:00am,9:15am,32
KNES,KNES305H,0101,ATL,2324,TuTh,8:00am,9:15am,3
KNES,KNES405,0101,SPH,0121,Th,9:30am,10:45am,20
KNES,KNES442,0101,SPH,1312,M,4:00pm,6:30pm,8
KNES,KNES442H,0101,SPH,1312,M,4:00pm,6:30pm,0
KNES,KNES610,0101,SPH,1312,W,4:00pm,6:30pm,0
KNES,KNES662,0101,SPH,1312,M,4:00pm,6:30pm,0
LBSC,LBSC750,IM01,BPS,1238,Tu,11:00am,12:00pm,6
LBSC,LBSC786,IM01,HBK,2119,Tu,6:00pm,8:45pm,19
LING,LING248,0101,MMH,1108B,F,10:00am,10:50am,3
LING,LING312,0101,MMH,1304,TuTh,2:00pm,3:15pm,14
LING,LING322,0101,MMH,1304,MW,3:30pm,4:45pm,10
LING,LING419F,0101,MMH,1304,TuTh,12:30pm,1:45pm,10
LING,LING444,0101,MMH,1304,TuTh,11:00am,12:15pm,20
LING,LING448,0101,MMH,1108B,F,11:00am,11:50am,1
LING,LING641,0101,MMH,1108B,MW,12:00pm,1:30pm,7
MUED,MUED216,0101,PAC,2540,MWF,8:00am,8:50am,7
MUED,MUED217,0101,PAC,2540,TuTh,2:00pm,3:15pm,25
MUED,MUED311,0101,PAC,2540,TuTh,11:00am,12:15pm,14
MUSC,MUSC128,0101,PAC,2201,MW,10:00am,10:50am,4
MUSC,MUSC129A,0101,PAC,2201,TuTh,11:00am,12:15pm,10
MUSC,MUSC129B,0101,PAC,2201,TuTh,11:00am,12:15pm,10
MUSC,MUSC129B,0901,PAC,2201,TuTh,11:00am,12:15pm,4
MUSC,MUSC129B,1001,PAC,2201,TuTh,11:00am,12:15pm,1
MUSC,MUSC129B,1101,PAC,2201,TuTh,11:00am,12:15pm,5
MUSC,MUSC129B,1201,PAC,2201,TuTh,11:00am,12:15pm,0
MUSC,MUSC129C,0101,PAC,2201,TuTh,11:00am,12:15pm,13
MUSC,MUSC129G,0101,PAC,1230,Th,7:00pm,8:30pm,13
MUSC,MUSC129K,0101,PAC,3160,Tu,5:30pm,7:00pm,5
MUSC,MUSC129L,0101,PAC,3160,Tu,7:00pm,8:30pm,0
MUSC,MUSC129P,0101,PAC,2540,F,3:30pm,6:00pm,9
MUSC,MUSC129P,0101,PAC,2540,W,5:00pm,7:00pm,9
MUSC,MUSC129Q,0101,PAC,2170,Th,7:00pm,8:30pm,1
MUSC,MUSC228,0101,PAC,2164,Tu,4:00pm,6:00pm,3
MUSC,MUSC229A,0102,PAC,1230,TuTh,3:30pm,6:30pm,18
MUSC,MUSC229D,0102,PAC,2540,TuTh,3:30pm,6:30pm,38
MUSC,MUSC229E,0102,PAC,2540,MWF,11:00am,12:30pm,19
MUSC,MUSC229G,0101,PAC,2540,Th,7:00pm,10:00pm,22
MUSC,MUSC229J,0101,PAC,1230,MW,5:30pm,7:15pm,7
MUSC,MUSC229J,0201,PAC,1230,MW,1:00pm,2:15pm,15
MUSC,MUSC229J,0301,PAC,1230,M,7:30pm,9:30pm,10
MUSC,MUSC229R,0101,PAC,1230,MW,3:00pm,5:00pm,8
MUSC,MUSC229U,0102,PAC,2540,W,7:30pm,9:30pm,23
MUSC,MUSC329A,0101,PAC,2201,TuTh,4:30pm,6:00pm,24
MUSC,MUSC329B,0101,PAC,2201,MW,3:00pm,3:50pm,25
MUSC,MUSC329B,0101,PAC,2201,TuTh,3:30pm,4:20pm,25
MUSC,MUSC329E,0101,PAC,2201,Th,7:00pm,10:00pm,1
MUSC,MUSC329M,0101,PAC,1230,MWF,12:00pm,12:50pm,8
MUSC,MUSC329O,0101,PAC,2170,F,4:00pm,6:00pm,0
MUSC,MUSC329W,0101,PAC,2201,MWF,12:00pm,12:50pm,16
MUSC,MUSC379,0101,PAC,2170,MW,4:00pm,6:00pm,2
MUSC,MUSC490,0101,PAC,2201,MWF,11:00am,11:50am,12
MUSC,MUSC490,0201,PAC,2540,MWF,9:00am,9:50am,12
MUSC,MUSC491,0101,PAC,2201,MW,1:00pm,1:50pm,1
MUSC,MUSC491,0201,PAC,2540,MW,1:00pm,1:50pm,4
MUSC,MUSC606,0101,TWS,1121,Th,10:30am,12:00pm,10
MUSC,MUSC629A,0102,PAC,1230,TuTh,3:30pm,6:30pm,5
MUSC,MUSC629C,0102,PAC,2540,MWF,11:00am,12:30pm,1
MUSC,MUSC629G,0101,PAC,1230,Th,7:00pm,8:30pm,1
MUSC,MUSC629J,0101,PAC,1230,MW,5:30pm,7:15pm,1
MUSC,MUSC629J,0201,PAC,1230,MW,1:00pm,2:15pm,0
MUSC,MUSC629J,0301,PAC,1230,M,7:30pm,9:30pm,0
MUSC,MUSC629K,0101,PAC,3160,Tu,5:30pm,7:00pm,0
MUSC,MUSC629L,0101,PAC,3160,Tu,7:00pm,8:30pm,0
MUSC,MUSC629P,0101,PAC,2540,F,3:30pm,6:00pm,3
MUSC,MUSC629P,0101,PAC,2540,W,5:00pm,7:00pm,3
MUSC,MUSC629Q,0101,PAC,2170,Th,7:00pm,8:30pm,0
MUSC,MUSC629R,0101,PAC,1230,MW,3:00pm,5:00pm,0
MUSC,MUSC629U,0101,PAC,2540,W,7:30pm,9:30pm,1
MUSC,MUSC629W,0102,PAC,2540,TuTh,3:30pm,6:30pm,4
MUSC,MUSC649B,0101,PAC,2201,MW,3:00pm,3:50pm,0
MUSC,MUSC649B,0101,PAC,2201,TuTh,3:30pm,4:20pm,0
MUSC,MUSC649E,0101,PAC,2201,Th,7:00pm,10:00pm,0
MUSC,MUSC649M,0101,PAC,1230,MWF,12:00pm,12:50pm,0
MUSC,MUSC649O,0101,PAC,2170,F,4:00pm,6:00pm,0
MUSC,MUSC649W,0101,PAC,2201,MWF,12:00pm,12:50pm,0
MUSC,MUSC659A,0101,PAC,3164,M,4:00pm,6:30pm,2
MUSC,MUSC675,0101,PAC,2160,Tu,3:30pm,6:00pm,5
NAVY,NAVY101,0101,ARM,0120,TuTh,8:00am,9:15am,18
NAVY,NAVY108,0101,ESJ,0224,Th,6:00am,7:50am,75
NAVY,NAVY108,0101,ESJ,0202,Th,6:00am,7:50am,75
NAVY,NAVY108,0101,ESJ,1202,Th,6:00am,7:50am,75
NAVY,NAVY108,0101,ESJ,2212,Th,6:00am,7:50am,75
NAVY,NAVY201,0101,ARM,0126,MW,8:00am,9:15am,19
NAVY,NAVY301,0101,ARM,0135,MW,8:00am,9:15am,17
NAVY,NAVY302,0101,ESJ,1224,TuTh,9:30am,10:45am,12
NAVY,NAVY401,0101,ESJ,0224,TuTh,8:00am,9:15am,22
NFSC,NFSC412,0101,MMH,3401,M,1:00pm,4:30pm,16
NFSC,NFSC412,0102,MMH,3401,W,2:00pm,5:30pm,11
NFSC,NFSC434,0101,MMH,3419,TuTh,12:30pm,4:00pm,11
NFSC,NFSC450,0101,MMH,3419,W,2:00pm,5:00pm,12
NFSC,NFSC450,0102,MMH,3419,M,1:00pm,4:00pm,10
NFSC,NFSC678M,0101,ESJ,1309,M,2:15pm,5:00pm,5
NFSC,NFSC679F,0101,MMH,3401,M,1:00pm,4:30pm,16
NFSC,NFSC679F,0102,MMH,3401,W,2:00pm,5:30pm,11
PEER,PEER319,0101,ESJ,2208,MW,4:00pm,4:50pm,8
PHIL,PHIL318B,0101,ASY,2203,MW,1:00pm,1:50pm,28
PHPE,PHPE308B,0101,ASY,2203,MW,1:00pm,1:50pm,28
PHYS,PHYS107,0101,PHY,3214,M,3:00pm,4:50pm,4
PHYS,PHYS107,0301,PHY,3214,Tu,1:00pm,2:50pm,10
PHYS,PHYS121,0301,PHY,3306,M,11:00am,12:50pm,24
PHYS,PHYS121,0302,PHY,3306,Tu,1:00pm,2:50pm,23
PHYS,PHYS121,0303,PHY,3306,Th,12:00pm,1:50pm,22
PHYS,PHYS121,0304,PHY,3306,Th,4:00pm,5:50pm,23
PHYS,PHYS121,0305,PHY,3306,Tu,5:00pm,6:50pm,20
PHYS,PHYS121,0306,PHY,3306,Tu,10:00am,11:50am,21
PHYS,PHYS121,0307,PHY,3306,W,11:00am,12:50pm,24
PHYS,PHYS121,0401,PHY,3306,M,5:00pm,6:50pm,21
PHYS,PHYS121,0403,PHY,3306,W,5:00pm,6:50pm,20
PHYS,PHYS121,0405,PHY,3306,Th,6:00pm,7:50pm,23
PHYS,PHYS121,PDS1,PHY,3306,W,8:00pm,9:50pm,5
PHYS,PHYS261,0101,PHY,3219,M,6:00pm,8:20pm,35
PHYS,PHYS261,0102,PHY,3219,M,12:00pm,2:20pm,26
PHYS,PHYS261,0103,PHY,3219,W,6:00pm,8:20pm,20
PHYS,PHYS261,0104,PHY,3219,Tu,2:00pm,4:20pm,36
PHYS,PHYS261,0105,PHY,3219,Tu,5:00pm,7:20pm,34
PHYS,PHYS261,0107,PHY,3219,W,11:00am,1:20pm,18
PHYS,PHYS261,0108,PHY,3219,Th,12:00pm,2:20pm,35
PHYS,PHYS261,0109,PHY,3219,Th,9:00am,11:20am,18
PHYS,PHYS261,0110,PHY,3219,Th,3:00pm,5:20pm,29
PHYS,PHYS271,0101,PHY,3213,M,9:00am,11:50am,28
PHYS,PHYS271,0103,PHY,3213,M,3:00pm,5:50pm,36
PHYS,PHYS271,0104,PHY,3213,Tu,8:00am,10:50am,11
PHYS,PHYS271,0105,PHY,3213,M,6:00pm,8:50pm,36
PHYS,PHYS271,0106,PHY,3213,Tu,11:00am,1:50pm,35
PHYS,PHYS271,0107,PHY,3213,Tu,4:00pm,6:50pm,36
PHYS,PHYS271,0108,PHY,3213,W,5:00pm,7:50pm,34
PHYS,PHYS271,0109,PHY,3213,Th,1:00pm,3:50pm,35
PHYS,PHYS271,0110,PHY,3213,W,2:00pm,4:50pm,36
PHYS,PHYS271,0111,PHY,3213,Th,9:00am,11:50am,29
PHYS,PHYS271,0112,PHY,3213,Th,4:00pm,6:50pm,36
PHYS,PHYS271,0113,PHY,3213,Th,7:00pm,9:50pm,14
PHYS,PHYS271,0114,PHY,3213,Tu,7:00pm,9:50pm,35
PHYS,PHYS275,0101,PHY,3104,W,2:00pm,5:50pm,8
PHYS,PHYS275,0201,PHY,3104,M,2:00pm,5:50pm,11
PHYS,PHYS275,0301,PHY,3104,Tu,2:00pm,5:50pm,11
PHYS,PHYS275,0401,PHY,3104,Th,2:00pm,5:50pm,11
PHYS,PHYS276,0101,PHY,3203,M,1:00pm,4:50pm,9
PHYS,PHYS276,0201,PHY,3203,Tu,1:00pm,4:50pm,11
PHYS,PHYS276,0301,PHY,3203,Th,2:00pm,5:50pm,11
PHYS,PHYS276,0401,PHY,3203,W,2:00pm,5:50pm,10
PHYS,PHYS375,0101,PHY,3115,M,3:00pm,5:50pm,13
PHYS,PHYS375,0201,PHY,3115,Tu,3:00pm,5:50pm,9
PHYS,PHYS375,0301,PHY,3115,W,3:00pm,5:50pm,14
PHYS,PHYS375,0401,PHY,3115,Th,3:00pm,5:50pm,4
PHYS,PHYS405,0101,EGR,0108,W,12:00pm,12:50pm,12
PHYS,PHYS405,0102,CHM,1402,W,12:00pm,12:50pm,13
PHYS,PHYS485,0101,PHY,1410,MF,2:00pm,2:50pm,30
PHYS,PHYS485,0101,PHY,3314,W,1:00pm,4:50pm,30
PHYS,PHYS685,0101,PHY,1410,MF,2:00pm,2:50pm,30
PHYS,PHYS685,0101,PHY,3314,W,1:00pm,4:50pm,30
PLCY,PLCY101,0101,ESJ,1202,MW,7:00pm,8:15pm,49
PLCY,PLCY400,0201,ESJ,1202,Tu,6:00pm,8:30pm,25
PLSC,PLSC271,0101,RGH,1136,Tu,3:30pm,5:15pm,12
PLSC,PLSC271,0102,RGH,1136,Th,3:30pm,5:15pm,12
PLSC,PLSC400,0101,BRB,1101,MWF,1:00pm,1:50pm,21
PLSC,PLSC400,0102,BRB,1101,MWF,1:00pm,1:50pm,24
PLSC,PLSC460,0101,ATL,2324,M,2:00pm,3:50pm,24
PLSC,PLSC460,0101,ATL,2324,W,2:00pm,2:50pm,24
PSYC,PSYC100,0301,MCB,1207,TuTh,4:30pm,5:45pm,20
PSYC,PSYC221,0301,MCB,1207,TuTh,6:30pm,7:45pm,19
SOCY,SOCY227,0101,LEF,2205,MWF,10:00am,10:50am,43
SOCY,SOCY699S,0101,ASY,1101,M,12:00pm,2:00pm,1
TDPS,TDPS201,5501,PAC,1702,F,3:30pm,5:30pm,20
THET,THET116,5501,PAC,2733,Tu,1:30pm,3:20pm,17
THET,THET377,5501,PAC,2733,W,10:00am,11:50am,10
THET,THET383,5501,PAC,2733,Th,1:30pm,3:20pm,8
THET,THET425,5501,PAC,3736,Tu,10:00am,11:50am,5
THET,THET451,5501,PAC,2740,Th,1:30pm,4:20pm,11
THET,THET471,5501,PAC,2733,W,3:00pm,5:50pm,0
THET,THET477,5501,PAC,2727,M,1:00pm,4:00pm,0
THET,THET649A,5501,PAC,2733,Th,10:00am,11:50am,3
THET,THET659D,5501,PAC,2727,M,1:00pm,4:00pm,4
THET,THET669X,5501,PAC,1908,Th,3:30pm,5:20pm,2
THET,THET672,5501,PAC,2733,W,3:00pm,5:50pm,4
THET,THET678,5501,PAC,2733,M,9:00am,11:50am,5
THET,THET679A,5501,PAC,2727,F,9:00am,12:50pm,5
TLPL,TLPL340,0101,ARC,0204,TuTh,1:00pm,2:15pm,12
TLPL,TLPL421,0101,ASY,1213,W,5:15pm,7:15pm,1
TLPL,TLPL437,0101,SHM,2102,MW,9:00am,11:50am,7
TLPL,TLPL478B,0101,SHM,2102,M,5:30pm,7:30pm,7
TLPL,TLPL478G,0201,TWS,1310,W,4:30pm,6:30pm,0
TLPL,TLPL478G,0301,SHM,2102,W,4:30pm,6:30pm,0
TLPL,TLPL478K,0101,EGR,0108,W,4:30pm,6:30pm,3
TLPL,TLPL479G,0101,TWS,0320,F,12:00pm,2:45pm,0
TLPL,TLPL479G,0201,TWS,1310,F,12:00pm,2:45pm,0
TLPL,TLPL479G,0301,SHM,2102,F,12:00pm,2:45pm,0
TLPL,TLPL663,0101,TWS,1320,M,5:00pm,7:45pm,6
TLPL,TLPL692,0101,LEF,2205,M,4:15pm,7:00pm,11
TLPL,TLPL708B,0101,TWS,0310,W,12:00pm,2:45pm,5
TLPL,TLPL766,0101,ASY,2309,W,1:00pm,3:45pm,13
TLPL,TLPL788D,0101,TWS,0310,M,12:00pm,12:50pm,16
TLPL,TLPL788X,0101,ASY,2309,Tu,4:15pm,7:00pm,8
UMEI,UMEI004,0101,ESJ,2212,TuTh,9:00am,11:50am,1
UMEI,UMEI004,0301,ESJ,2212,TuTh,9:00am,11:50am,2
